﻿<?xml version="1.0" encoding="utf-8" ?>
<ThingDefs>

	<ThingDef ParentName="MealRottable">
			<defName>MealExotic</defName>
			<label>exotic meal</label>
			<description>A weak flavoured but very nutritional meal, prepared with a mix of dragonfruit and other vegetables with a side of meat.</description>
		<graphicData>
		  <texPath>Things/Exotic</texPath>
		  <graphicClass>Graphic_Single</graphicClass>
		</graphicData>
		<statBases>
		  <MarketValue>30</MarketValue>
		  <WorkToMake>600</WorkToMake>
		</statBases>
		<ingestible>
			<preferability>MealLavish</preferability>
				<tasteThought>AteLavishMeal</tasteThought>
			<nutrition>1.00</nutrition>
			<ingestEffect>EatVegetarian</ingestEffect>
			<ingestSound>Meal_Eat</ingestSound>
		</ingestible>
	</ThingDef>
	
</ThingDefs>
